Workbook

Sheet Raw_data
A1: Date | B1: Region | C1: Historical_demand | D1: Unit_price
A2: 45510 | B2: APAC | C2: 1063 | D2: 12.5
A3: 45500 | B3: EMEA | C3: 2892 | D3: 12.5
A4: 45529 | B4: Americas | C4: 2388 | D4: 12.5
A5: 45621 | B5: APAC | C5: 1199 | D5: 12.5
A6: 45739 | B6: EMEA | C6: 847 | D6: 13
A7: 45834 | B7: Americas | C7: 937 | D7: 13
A8: 45739 | B8: APAC | C8: 3391 | D8: 13
A9: 45529 | B9: EMEA | C9: 1932 | D9: 12.5
A10: 46022 | B10: APAC | C10: 4963 | D10: 13.5
A11: 45489 | B11: Americas | C11: 1913 | D11: 12.5
A12: 45902 | B12: Americas | C12: 3363 | D12: 13.5
A13: 45528 | B13: APAC | C13: 1064 | D13: 12.5
... A251: 45740 | B251: EMEA | C251: 803 | D251: 13

Sheet Assumptions
A2: Scenario | B2: Base | D2: Base
D3: Optimistic
D4: Pessimistic
A8: Scenario | B8: Demand Growth Rate
A9: Base | B9: 0.05
A10: Optimistic | B10: 0.08
A11: Pessimistic | B11: 0.02
A13: Season | B13: Seasonality Factor
A14: Q1 | B14: 0.95
A15: Q2 | B15: 1
A16: Q3 | B16: 1.1
A17: Q4 | B17: 1.15
A19: Capacity Constraints
A21: Monthly Capacity Limit (Units) | B21: 3000
A24: Pricing Assumptions
A26: Price Adjustment (%) | B26: 0

Sheet Forecast_Model
A1: Date | B1: Region | C1: Base Demand | D1: Growth Rate | E1: Seasonal Factor | F1: Forecast Demand (Unconstrained) | G1: Capacity Limit | H1: Final Forecast Demand | I1: Adjusted Price | J1: Forecast Revenue | K1: Column1 | L1: MonthKey
A2: 45510 | B2: APAC | C2: 1063 | D2: {=_xlfn.SWITCH(Assumptions!$B$2,"Base",Assumptions!$B$9,"Optimistic",Assumptions!$B$10,"Pessimistic",Assumptions!$B$11)} -> 0.05 | E2: =_xlfn.XLOOKUP(K2,Assumptions!$A$14:$A$17,Assumptions!$B$14:$B$17,0,0,1) -> 1.1 | F2: =C2*(1+D2)*E2 -> 1227.765 | G2: =Assumptions!$B$21 -> 3000 | H2: =MIN(F2,G2) -> 1227.765 | I2: =Tbl_RawData[[#This Row],[Unit_price]]*(1+Assumptions!$B$26) -> 12.5 | J2: =H2*I2 -> 15347.063 | K2: ="Q"&ROUNDUP(MONTH(A2)/3,0) -> Q3 | L2: =EOMONTH(Tbl_Forecast[[#This Row],[Date]],0) -> 45535
A3: 45500 | B3: EMEA | C3: 2892 | D3: {=_xlfn.SWITCH(Assumptions!$B$2,"Base",Assumptions!$B$9,"Optimistic",Assumptions!$B$10,"Pessimistic",Assumptions!$B$11)} -> 0.05 | E3: =_xlfn.XLOOKUP(K3,Assumptions!$A$14:$A$17,Assumptions!$B$14:$B$17,0,0,1) -> 1.1 | F3: =C3*(1+D3)*E3 -> 3340.26 | G3: =Assumptions!$B$21 -> 3000 | H3: =MIN(F3,G3) -> 3000 | I3: =Tbl_RawData[[#This Row],[Unit_price]]*(1+Assumptions!$B$26) -> 12.5 | J3: =H3*I3 -> 37500 | K3: ="Q"&ROUNDUP(MONTH(A3)/3,0) -> Q3 | L3: =EOMONTH(Tbl_Forecast[[#This Row],[Date]],0) -> 45504
A4: 45529 | B4: Americas | C4: 2388 | D4: {=_xlfn.SWITCH(Assumptions!$B$2,"Base",Assumptions!$B$9,"Optimistic",Assumptions!$B$10,"Pessimistic",Assumptions!$B$11)} -> 0.05 | E4: =_xlfn.XLOOKUP(K4,Assumptions!$A$14:$A$17,Assumptions!$B$14:$B$17,0,0,1) -> 1.1 | F4: =C4*(1+D4)*E4 -> 2758.14 | G4: =Assumptions!$B$21 -> 3000 | H4: =MIN(F4,G4) -> 2758.14 | I4: =Tbl_RawData[[#This Row],[Unit_price]]*(1+Assumptions!$B$26) -> 12.5 | J4: =H4*I4 -> 34476.75 | K4: ="Q"&ROUNDUP(MONTH(A4)/3,0) -> Q3 | L4: =EOMONTH(Tbl_Forecast[[#This Row],[Date]],0) -> 45535
A5: 45621 | B5: APAC | C5: 1199 | D5: {=_xlfn.SWITCH(Assumptions!$B$2,"Base",Assumptions!$B$9,"Optimistic",Assumptions!$B$10,"Pessimistic",Assumptions!$B$11)} -> 0.05 | E5: =_xlfn.XLOOKUP(K5,Assumptions!$A$14:$A$17,Assumptions!$B$14:$B$17,0,0,1) -> 1.15 | F5: =C5*(1+D5)*E5 -> 1447.7925 | G5: =Assumptions!$B$21 -> 3000 | H5: =MIN(F5,G5) -> 1447.7925 | I5: =Tbl_RawData[[#This Row],[Unit_price]]*(1+Assumptions!$B$26) -> 12.5 | J5: =H5*I5 -> 18097.406 | K5: ="Q"&ROUNDUP(MONTH(A5)/3,0) -> Q4 | L5: =EOMONTH(Tbl_Forecast[[#This Row],[Date]],0) -> 45626
A6: 45739 | B6: EMEA | C6: 847 | D6: {=_xlfn.SWITCH(Assumptions!$B$2,"Base",Assumptions!$B$9,"Optimistic",Assumptions!$B$10,"Pessimistic",Assumptions!$B$11)} -> 0.05 | E6: =_xlfn.XLOOKUP(K6,Assumptions!$A$14:$A$17,Assumptions!$B$14:$B$17,0,0,1) -> 0.95 | F6: =C6*(1+D6)*E6 -> 844.8825 | G6: =Assumptions!$B$21 -> 3000 | H6: =MIN(F6,G6) -> 844.8825 | I6: =Tbl_RawData[[#This Row],[Unit_price]]*(1+Assumptions!$B$26) -> 13 | J6: =H6*I6 -> 10983.472 | K6: ="Q"&ROUNDUP(MONTH(A6)/3,0) -> Q1 | L6: =EOMONTH(Tbl_Forecast[[#This Row],[Date]],0) -> 45747
A7: 45834 | B7: Americas | C7: 937 | D7: {=_xlfn.SWITCH(Assumptions!$B$2,"Base",Assumptions!$B$9,"Optimistic",Assumptions!$B$10,"Pessimistic",Assumptions!$B$11)} -> 0.05 | E7: =_xlfn.XLOOKUP(K7,Assumptions!$A$14:$A$17,Assumptions!$B$14:$B$17,0,0,1) -> 1 | F7: =C7*(1+D7)*E7 -> 983.85 | G7: =Assumptions!$B$21 -> 3000 | H7: =MIN(F7,G7) -> 983.85 | I7: =Tbl_RawData[[#This Row],[Unit_price]]*(1+Assumptions!$B$26) -> 13 | J7: =H7*I7 -> 12790.05 | K7: ="Q"&ROUNDUP(MONTH(A7)/3,0) -> Q2 | L7: =EOMONTH(Tbl_Forecast[[#This Row],[Date]],0) -> 45838
A8: 45739 | B8: APAC | C8: 3391 | D8: {=_xlfn.SWITCH(Assumptions!$B$2,"Base",Assumptions!$B$9,"Optimistic",Assumptions!$B$10,"Pessimistic",Assumptions!$B$11)} -> 0.05 | E8: =_xlfn.XLOOKUP(K8,Assumptions!$A$14:$A$17,Assumptions!$B$14:$B$17,0,0,1) -> 0.95 | F8: =C8*(1+D8)*E8 -> 3382.5225 | G8: =Assumptions!$B$21 -> 3000 | H8: =MIN(F8,G8) -> 3000 | I8: =Tbl_RawData[[#This Row],[Unit_price]]*(1+Assumptions!$B$26) -> 13 | J8: =H8*I8 -> 39000 | K8: ="Q"&ROUNDUP(MONTH(A8)/3,0) -> Q1 | L8: =EOMONTH(Tbl_Forecast[[#This Row],[Date]],0) -> 45747
A9: 45529 | B9: EMEA | C9: 1932 | D9: {=_xlfn.SWITCH(Assumptions!$B$2,"Base",Assumptions!$B$9,"Optimistic",Assumptions!$B$10,"Pessimistic",Assumptions!$B$11)} -> 0.05 | E9: =_xlfn.XLOOKUP(K9,Assumptions!$A$14:$A$17,Assumptions!$B$14:$B$17,0,0,1) -> 1.1 | F9: =C9*(1+D9)*E9 -> 2231.46 | G9: =Assumptions!$B$21 -> 3000 | H9: =MIN(F9,G9) -> 2231.46 | I9: =Tbl_RawData[[#This Row],[Unit_price]]*(1+Assumptions!$B$26) -> 12.5 | J9: =H9*I9 -> 27893.25 | K9: ="Q"&ROUNDUP(MONTH(A9)/3,0) -> Q3 | L9: =EOMONTH(Tbl_Forecast[[#This Row],[Date]],0) -> 45535
A10: 46022 | B10: APAC | C10: 4963 | D10: {=_xlfn.SWITCH(Assumptions!$B$2,"Base",Assumptions!$B$9,"Optimistic",Assumptions!$B$10,"Pessimistic",Assumptions!$B$11)} -> 0.05 | E10: =_xlfn.XLOOKUP(K10,Assumptions!$A$14:$A$17,Assumptions!$B$14:$B$17,0,0,1) -> 1.15 | F10: =C10*(1+D10)*E10 -> 5992.8225 | G10: =Assumptions!$B$21 -> 3000 | H10: =MIN(F10,G10) -> 3000 | I10: =Tbl_RawData[[#This Row],[Unit_price]]*(1+Assumptions!$B$26) -> 13.5 | J10: =H10*I10 -> 40500 | K10: ="Q"&ROUNDUP(MONTH(A10)/3,0) -> Q4 | L10: =EOMONTH(Tbl_Forecast[[#This Row],[Date]],0) -> 46022
A11: 45489 | B11: Americas | C11: 1913 | D11: {=_xlfn.SWITCH(Assumptions!$B$2,"Base",Assumptions!$B$9,"Optimistic",Assumptions!$B$10,"Pessimistic",Assumptions!$B$11)} -> 0.05 | E11: =_xlfn.XLOOKUP(K11,Assumptions!$A$14:$A$17,Assumptions!$B$14:$B$17,0,0,1) -> 1.1 | F11: =C11*(1+D11)*E11 -> 2209.515 | G11: =Assumptions!$B$21 -> 3000 | H11: =MIN(F11,G11) -> 2209.515 | I11: =Tbl_RawData[[#This Row],[Unit_price]]*(1+Assumptions!$B$26) -> 12.5 | J11: =H11*I11 -> 27618.938 | K11: ="Q"&ROUNDUP(MONTH(A11)/3,0) -> Q3 | L11: =EOMONTH(Tbl_Forecast[[#This Row],[Date]],0) -> 45504
A12: 45902 | B12: Americas | C12: 3363 | D12: {=_xlfn.SWITCH(Assumptions!$B$2,"Base",Assumptions!$B$9,"Optimistic",Assumptions!$B$10,"Pessimistic",Assumptions!$B$11)} -> 0.05 | E12: =_xlfn.XLOOKUP(K12,Assumptions!$A$14:$A$17,Assumptions!$B$14:$B$17,0,0,1) -> 1.1 | F12: =C12*(1+D12)*E12 -> 3884.265 | G12: =Assumptions!$B$21 -> 3000 | H12: =MIN(F12,G12) -> 3000 | I12: =Tbl_RawData[[#This Row],[Unit_price]]*(1+Assumptions!$B$26) -> 13.5 | J12: =H12*I12 -> 40500 | K12: ="Q"&ROUNDUP(MONTH(A12)/3,0) -> Q3 | L12: =EOMONTH(Tbl_Forecast[[#This Row],[Date]],0) -> 45930
A13: 45528 | B13: APAC | C13: 1064 | D13: {=_xlfn.SWITCH(Assumptions!$B$2,"Base",Assumptions!$B$9,"Optimistic",Assumptions!$B$10,"Pessimistic",Assumptions!$B$11)} -> 0.05 | E13: =_xlfn.XLOOKUP(K13,Assumptions!$A$14:$A$17,Assumptions!$B$14:$B$17,0,0,1) -> 1.1 | F13: =C13*(1+D13)*E13 -> 1228.92 | G13: =Assumptions!$B$21 -> 3000 | H13: =MIN(F13,G13) -> 1228.92 | I13: =Tbl_RawData[[#This Row],[Unit_price]]*(1+Assumptions!$B$26) -> 12.5 | J13: =H13*I13 -> 15361.5 | K13: ="Q"&ROUNDUP(MONTH(A13)/3,0) -> Q3 | L13: =EOMONTH(Tbl_Forecast[[#This Row],[Date]],0) -> 45535
... A251: 45740 | B251: EMEA | C251: 803 | D251: {=_xlfn.SWITCH(Assumptions!$B$2,"Base",Assumptions!$B$9,"Optimistic",Assumptions!$B$10,"Pessimistic",Assumptions!$B$11)} -> 0.05 | E251: =_xlfn.XLOOKUP(K251,Assumptions!$A$14:$A$17,Assumptions!$B$14:$B$17,0,0,1) -> 0.95 | F251: =C251*(1+D251)*E251 -> 800.9925 | G251: =Assumptions!$B$21 -> 3000 | H251: =MIN(F251,G251) -> 800.9925 | I251: =Tbl_RawData[[#This Row],[Unit_price]]*(1+Assumptions!$B$26) -> 13 | J251: =H251*I251 -> 10412.903 | K251: ="Q"&ROUNDUP(MONTH(A251)/3,0) -> Q1 | L251: =EOMONTH(Tbl_Forecast[[#This Row],[Date]],0) -> 45747

Sheet Scenario_Analysis
A1: Date | B1: MonthKey | C1: Base Scenario Revenue | D1: Optimistic Scenario Revenue | E1: Pessimistic Scenario Revenue | H1: MonthKey | I1: Base Scenario Revenue | J1: Optimistic Scenario Revenue | K1: Pessimistic Scenario Revenue
A2: 45294 | B2: =EOMONTH(Tbl_Scenario[[#This Row],[Date]],0) -> 45322 | C2: 366207.38 | D2: 371313.3 | E2: 361101.45 | H2: 45322 | I2: {=SUMIFS(Tbl_Scenario[Base Scenario Revenue],Tbl_Scenario[MonthKey],H2:H25)} -> 3542032.1 | J2: {=SUMIFS(Tbl_Scenario[Optimistic Scenario Revenue],Tbl_Scenario[MonthKey],H2:H25)} -> 3579201.3 | K2: {=SUMIFS(Tbl_Scenario[Pessimistic Scenario Revenue],Tbl_Scenario[MonthKey],H2:H25)} -> 3502888.3
A3: 45301 | B3: =EOMONTH(Tbl_Scenario[[#This Row],[Date]],0) -> 45322 | C3: 538403.62 | D3: 543072.3 | E3: 533734.95 | H3: 45351 | I3: 3754702.8 | J3: 3797629.2 | K3: 3707140.5
A4: 45302 | B4: =EOMONTH(Tbl_Scenario[[#This Row],[Date]],0) -> 45322 | C4: 366207.38 | D4: 371313.3 | E4: 361101.45 | H4: 45382 | I4: 2898484.6 | J4: 2925584.1 | K4: 2871385
A5: 45307 | B5: =EOMONTH(Tbl_Scenario[[#This Row],[Date]],0) -> 45322 | C5: 148045.78 | D5: 149061.38 | E5: 147030.19 | H5: 45412 | I5: 2866446.4 | J5: 2891938.7 | K5: 2837720.7
A6: 45308 | B6: =EOMONTH(Tbl_Scenario[[#This Row],[Date]],0) -> 45322 | C6: 389052.4 | D6: 392495.14 | E6: 384622.33 | H6: 45443 | I6: 1261428.1 | J6: 1273811.8 | K6: 1247746.5
A7: 45310 | B7: =EOMONTH(Tbl_Scenario[[#This Row],[Date]],0) -> 45322 | C7: 182943.15 | D7: 184827.24 | E7: 181059.06 | H7: 45473 | I7: 3110421 | J7: 3146465.6 | K7: 3071437.5
A8: 45312 | B8: =EOMONTH(Tbl_Scenario[[#This Row],[Date]],0) -> 45322 | C8: 389052.4 | D8: 392495.14 | E8: 384622.33 | H8: 45504 | I8: 3180772 | J8: 3219922.6 | K8: 3141621.4
A9: 45315 | B9: =EOMONTH(Tbl_Scenario[[#This Row],[Date]],0) -> 45322 | C9: 366207.38 | D9: 371313.3 | E9: 361101.45 | H9: 45535 | I9: 3435131.9 | J9: 3473844 | K9: 3392387.3
A10: 45316 | B10: =EOMONTH(Tbl_Scenario[[#This Row],[Date]],0) -> 45322 | C10: 257509.02 | D10: 260237.85 | E10: 254780.19 | H10: 45565 | I10: 2254210.8 | J10: 2274643.7 | K10: 2232790.5
A11: 45322 | B11: =EOMONTH(Tbl_Scenario[[#This Row],[Date]],0) -> 45322 | C11: 538403.62 | D11: 543072.3 | E11: 533734.95 | H11: 45596 | I11: 1990542.6 | J11: 2010948.7 | K11: 1967998.6
A12: 45325 | B12: =EOMONTH(Tbl_Scenario[[#This Row],[Date]],0) -> 45351 | C12: 391852.28 | D12: 394948.06 | E12: 388214.29 | H12: 45626 | I12: 1732752.5 | J12: 1752215.2 | K12: 1712302.4
A13: 45326 | B13: =EOMONTH(Tbl_Scenario[[#This Row],[Date]],0) -> 45351 | C13: 366207.38 | D13: 371313.3 | E13: 361101.45 | H13: 45657 | I13: 2257128.2 | J13: 2284712.7 | K13: 2226753.1
A14: 45329 | B14: =EOMONTH(Tbl_Scenario[[#This Row],[Date]],0) -> 45351 | C14: 307914.61 | D14: 310932.92 | E14: 303745.63 | H14: 45688 | I14: 2583085.7 | J14: 2610303.7 | K14: 2552685.2
... A25: 45358 | B25: =EOMONTH(Tbl_Scenario[[#This Row],[Date]],0) -> 45382 | C25: 295186.5 | D25: 296120.4 | E25: 294252.6 | H25: 46022 | I25: 2084688.8 | J25: 2106580.8 | K25: 2059255.5
A26: 45363 | B26: =EOMONTH(Tbl_Scenario[[#This Row],[Date]],0) -> 45382 | C26: 538403.62 | D26: 543072.3 | E26: 533734.95
A27: 45368 | B27: =EOMONTH(Tbl_Scenario[[#This Row],[Date]],0) -> 45382 | C27: 318411 | D27: 322365.6 | E27: 314456.4
A28: 45372 | B28: =EOMONTH(Tbl_Scenario[[#This Row],[Date]],0) -> 45382 | C28: 318411 | D28: 322365.6 | E28: 314456.4
A29: 45381 | B29: =EOMONTH(Tbl_Scenario[[#This Row],[Date]],0) -> 45382 | C29: 538403.62 | D29: 543072.3 | E29: 533734.95
A30: 45382 | B30: =EOMONTH(Tbl_Scenario[[#This Row],[Date]],0) -> 45382 | C30: 538403.62 | D30: 543072.3 | E30: 533734.95
A31: 45388 | B31: =EOMONTH(Tbl_Scenario[[#This Row],[Date]],0) -> 45412 | C31: 202676.94 | D31: 204353.42 | E31: 201000.46
A32: 45390 | B32: =EOMONTH(Tbl_Scenario[[#This Row],[Date]],0) -> 45412 | C32: 202676.94 | D32: 204353.42 | E32: 201000.46
A33: 45391 | B33: =EOMONTH(Tbl_Scenario[[#This Row],[Date]],0) -> 45412 | C33: 202676.94 | D33: 204353.42 | E33: 201000.46
A34: 45397 | B34: =EOMONTH(Tbl_Scenario[[#This Row],[Date]],0) -> 45412 | C34: 148045.78 | D34: 149061.38 | E34: 147030.19
A35: 45402 | B35: =EOMONTH(Tbl_Scenario[[#This Row],[Date]],0) -> 45412 | C35: 351265.21 | D35: 355515.64 | E35: 347014.77
A36: 45403 | B36: =EOMONTH(Tbl_Scenario[[#This Row],[Date]],0) -> 45412 | C36: 391852.28 | D36: 394948.06 | E36: 388214.29
A37: 45405 | B37: =EOMONTH(Tbl_Scenario[[#This Row],[Date]],0) -> 45412 | C37: 260967.6 | D37: 263280.96 | E37: 258654.24
... A208: 46022 | B208: =EOMONTH(Tbl_Scenario[[#This Row],[Date]],0) -> 46022 | C208: 406517.84 | D208: 410191.45 | E208: 401845.9

Sheet Dashboard
B1: Total Revenue (Base Scenario) | D1: Optimistic vs Base (Upside) | F1: Pessimistic vs Base (Downside)
B2: =SUM(Tbl_Scenario[Base Scenario Revenue]) -> 67040498 | D2: {=SUM(Tbl_Scenario[Optimistic Scenario Revenue] - Tbl_Scenario[Base Scenario Revenue])} -> 727124.41 | F2: {=SUM(Tbl_Scenario[Pessimistic Scenario Revenue] - Tbl_Scenario[Base Scenario Revenue])} -> -788541.16
